Route_name,Route_link
Hyderabad to Tirupati,https://www.redbus.in/bus-tickets/hyderabad-to-tirupathi
Hyderabad to Godavarikhani,https://www.redbus.in/bus-tickets/hyderabad-to-godavarikhani
Hyderabad to Armoor,https://www.redbus.in/bus-tickets/hyderabad-to-armoor
Hyderabad to Nandyal,https://www.redbus.in/bus-tickets/hyderabad-to-nandyala
Hyderabad to Kodad,https://www.redbus.in/bus-tickets/hyderabad-to-kodad
Hyderabad to Addanki,https://www.redbus.in/bus-tickets/hyderabad-to-addanki
Kothagudem to Hyderabad,https://www.redbus.in/bus-tickets/kothagudem-to-hyderabad
Guntur (Andhra Pradesh) to Hyderabad,https://www.redbus.in/bus-tickets/guntur-to-hyderabad
Hyderabad to Guntur (Andhra Pradesh),https://www.redbus.in/bus-tickets/hyderabad-to-guntur
Godavarikhani to Hyderabad,https://www.redbus.in/bus-tickets/godavarikhani-to-hyderabad
Hyderabad to Kothagudem,https://www.redbus.in/bus-tickets/hyderabad-to-kothagudem
Hyderabad to Sathupally,https://www.redbus.in/bus-tickets/hyderabad-to-sathupalli
Hyderabad to Warangal,https://www.redbus.in/bus-tickets/hyderabad-to-warangal
Kodad to Hyderabad,https://www.redbus.in/bus-tickets/kodad-to-hyderabad
Jagityal to Hyderabad,https://www.redbus.in/bus-tickets/jagityal-to-hyderabad
Hyderabad to Bhadrachalam,https://www.redbus.in/bus-tickets/hyderabad-to-bhadrachalam
Hyderabad to Tirupati,https://www.redbus.in/bus-tickets/hyderabad-to-tirupathi
Hyderabad to Godavarikhani,https://www.redbus.in/bus-tickets/hyderabad-to-godavarikhani
Hyderabad to Armoor,https://www.redbus.in/bus-tickets/hyderabad-to-armoor
Hyderabad to Nandyal,https://www.redbus.in/bus-tickets/hyderabad-to-nandyala
Hyderabad to Kodad,https://www.redbus.in/bus-tickets/hyderabad-to-kodad
Hyderabad to Addanki,https://www.redbus.in/bus-tickets/hyderabad-to-addanki
